{
  "name": "ESPConnect",
  "keywords": "ESPConnect, WiFi, Manager, Captive, Portal, Configuration, Access Point",
  "description": "Simple & Easy WiFi Manager with Captive Portal for ESP8266 / ESP32",
  "repository":
  {
    "type": "git",
    "url": "https://github.com/ayushsharma82/ESPConnect.git"
  },
  "authors":
  [
    {
      "name": "Ayush Sharma",
      "email": "asrocks5@gmail.com",
      "maintainer": true
    }
  ],
  "version": "1.0.5",
  "frameworks": "arduino",
  "platforms": "espressif"
}
